StreetName,Count,Match
11TH AVENUE,2,False
4TH,1,False
6TH,1,False
8TH,2,False
ADAM,6,True
ALBERT,12,True
ALMAR,1,False
AMSTERDAM,3,False
ANDERSEN,1,False
ARENDEL,1,False
ARINDEL,1,False
ARMSKIRK,1,False
ARUNDEL,5,True
ARYE,3,False
ASHLEY,2,True
ASPELING,19,True
ASPLING,1,False
AYNE,4,False
AYRE,9,True
BALFOUR,1,True
BALIMORAL,2,True
BALMORAL,4,False
BARRACK,2,True
BASKET,1,True
BEANFORT,1,False
BEVERLEY,1,False
BEYES,1,False
BLOEM,1,False
BLOEMHOF,2,True
BLYMOUTH,1,False
BLYTH,1,False
BLYTHE,2,True
BREE,1,False
BRIDGE,4,True
BRONEWELL,1,False
BROWN,7,False
BRUCE,5,True
BRUNT,1,False
BRYANT,1,False
BUCHANAN,1,False
BUITENKANT,1,True
BURWOOD,1,False
CALEDON,39,True
CALLEGE,2,False
CAMBORNE,1,False
CAMBRIDGE,8,True
CANNIN,1,False
CANNON,10,True
CANTEBURY,2,False
CANTERBURY,17,True
CENTERBURY,2,False
CHAMBERLAIN,2,False
CHAPEL,21,True
CHATHAM,18,True
CHATHAN,1,False
CHESTER,8,True
CHURCH,2,False
CHYDE,1,False
CLATHAM,2,False
CLIFTON,4,True
CLYDE,1,True
COFFEE,10,False
COLLEGE,9,True
COMBRINCK,2,False
COMBRINK,2,True
COMMON,1,False
CONSTITUTION,69,True
CORONATION,2,False
COUST,1,False
COVENTON,1,False
COVENTRY,1,False
COWLEY,2,True
CROSS,3,True
DARLING,1,True
DE KORTE,4,False
DE KORTES,2,False
DE RODES,1,False
DE VIELIER,1,False
DE VILLERS,1,False
DE VILLIEN,2,False
DE VILLIER,3,False
DE VILLIERS,23,False
DE VILLIES,1,False
DE WAAL,2,False
DEKORTE,2,False
DENNE,1,False
DEUCHWONK,1,False
DEVILLES,2,False
DEVILLIERS,3,False
DEWAAL,1,False
DORP,4,False
DOVER,2,True
DR ABDURAMAN,1,False
DR. ABDARAMAN,1,False
DRURY,1,True
DUFF,1,False
DUKE,13,False
DUNCAN,1,False
EARTH,1,False
EATON,3,False
ECKARD,9,True
ECKARDT,1,False
ECKHARD,2,False
ECKHARDT,5,False
ELIZABETH,1,False
ELKHARDT,1,False
ERITH,1,True
ESSET,1,False
EXNER,1,False
FIFTH,1,False
FILBURG,1,False
FIRST,2,False
FOURTH,1,False
FRANCIS,3,True
FRERE,2,True
GAY,1,False
GLOUCESTER,5,True
GLYNN,4,True
GODFREY,12,True
GOOFFREY,1,False
GORE,1,True
GRAHAM,1,False
GRAND VIEW,5,False
GRAND VUE,2,False
GRANDVIEW,1,False
GRANDVIEWS,1,False
GRANT,2,False
GRAY,10,True
GREY,3,False
GYMPIE,4,False
HAMERKOPWY,1,False
HAMILTON,1,False
HANOVER,29,True
HARDING,1,False
HAROLDENE,1,False
HARRINGTON,12,True
HIERLING,1,False
HIGH,5,True
HORSBERG,1,False
HORSBERGH,1,False
HORSBURG,3,False
HORSTLEY,14,True
HOSBURGH,1,False
HOUT,1,False
HUGO,1,False
HYDE,3,True
INVERY,1,True
IRENE,5,False
JAMIESON,1,False
JAMISON,1,False
JAMISSON,1,False
JOHNS,1,False
JOHNSON,3,True
JONKET,1,False
JOPPLAN,1,False
KENDAL,1,False
KENT,10,True
KEPPEL,1,False
KIEWIEBURY,1,False
KIPLING,1,False
KITCHEN,1,False
KITCHENER,2,False
KLAPPERBOS,1,False
KLEIK,1,False
KLIP,1,False
KLIPFONTEIN,1,False
KLOOF NEK,1,False
LAVENDER,16,True
LAVENDER HILL,1,False
LEE,13,True
LELIEBLOEW,1,False
LESER,1,False
LESS,1,False
LEVER,3,True
LEWIS,7,True
LION,1,False
LOADE,1,False
LOADER,3,False
LOCH,5,True
LOCK,3,False
LOEH,2,False
LONGMARKET,13,True
LOODS PLEIN,1,False
LOOP,1,False
LOWER MAIN,1,False
MAPINE,1,False
MARIGOLD,1,False
MARRIETTE,1,False
MARRIOTT,1,False
MARSDEN,5,True
MAWSEN,1,False
MAWSEU,1,False
MAYNARD,1,False
MCGREGOR,7,False
MCINTYRE,4,False
MCKENZIE,10,True
MELBOURNE,1,False
MILAN,3,False
MILITOUS,1,False
MILLAN,2,True
MILTON,4,False
MINK,1,False
MORENT,1,False
MORLAND TERRACE,1,False
MOUNT,16,True
MUIR,1,True
NAPIER,1,False
NEMESIA,1,False
NEW CHURCH,2,False
NEW MARKET,2,False
NEWMARK,1,False
NEWMARKET,5,False
NILE,8,True
NULTON,1,False
OAK,4,True
OFF ALBERT,1,False
OLYMPIC,1,False
ORMSKIRK,1,False
OSBORNE,2,True
OSEFORD,1,False
OTTERY,1,False
OXFORD,4,True
PARDIN,1,False
PARK,4,False
PARKIN,13,True
PARKINS,1,False
PARLEIN,3,False
PEDERSEN,8,True
PERTH,1,True
PETERSEN,1,False
PETUNIA,1,False
PIET RETIEF,1,False
PINE,1,False
PLYMOUTH,9,True
PONTAC,5,True
PONTIAC,1,False
PRIMROSE,9,True
PRINCESS,5,True
PRINSON,1,False
PROSPECT,7,True
QUEEN,8,True
QUEEN'S,1,False
QUEENS,3,False
RAVEMERAIJ,1,False
RAVENSCRAIG,2,True
REFORM,5,True
REGENT,1,False
RICHARD,1,False
RICHMOND,13,True
RIEBACK,2,False
RIEBECK,1,False
RIEBEECK,1,False
ROBINSON,3,True
ROCHESTER,5,True
ROELAND,10,True
ROGER,10,True
ROOS,10,True
ROSE,2,False
ROUWKOP,1,False
RUGTER,2,False
RUSSELL,18,True
RUTGEN,1,False
RUTGER,7,True
RUTGERS,1,False
SACKVILLE,19,False
SALISBURY,1,False
SECOND,2,False
SELBORNE,1,False
SELKIRK,1,False
SELTARK,1,False
SEVEN OAKS,1,False
SHAUD,1,False
SHEPHERD,1,False
SHEPPARD,6,True
SHEPPARTD,1,False
SHULKERIS,1,False
SIDNEY,7,True
SIR LOWRY,20,False
SIRDOWRY,1,False
SMART,17,True
SOREY,1,False
SORREY,1,False
SPRINGFELD,1,False
SPRINGFIELD,19,True
SPRINGFIELD TERRACE OFF PONTIAC,1,False
ST JOHN'S,1,False
ST LEDGER,2,False
ST LEGER,1,False
ST PHILIP'S,1,False
ST SISOM,1,False
ST THOMAS,1,False
ST VINCENT,2,False
ST. VINCENT,1,False
ST.PHILLIPS,1,False
STATION,1,False
STERLING,1,False
STIRLING,21,True
STONE,22,True
STOVE,1,False
STRAND,1,False
STUART,1,False
STUCKER'S,1,False
STUCKERIS,5,True
SUFFALK,1,False
SUFFOLK,1,False
SUMMER,2,True
SURREY,1,False
SYDNEY,1,False
TEMATON ROAD,1,False
TENANT,1,False
TENNANT,13,True
TILBURY,3,True
TOBUIR ROAD,1,False
TYNE,1,True
UPPER ASHELY,1,False
UPPER ASHLEY,18,False
UPPER CANTEBURY,1,False
UPPER CANTERBURY,2,False
UPPER CHURCH,2,False
UPPER CONSTITUTION,7,False
UPPER HARRINGTON,1,False
UPPER NELSON,3,False
UPPER WARWICK,1,False
VAN DE LEUR,11,False
VAN DER LEUR,2,False
VAN DER MEULEN,2,False
VANDELAUS,2,False
VERNON,6,True
VICTORIA,7,False
VINE,3,False
VIRGINA,1,False
VIRGINIA,7,True
VOGELGESANT,2,False
VOGELGEZANG,1,False
VREDE,3,False
VREDENDAL,1,False
VRIENDE,1,False
WATERKANT,2,False
WATERLOO,1,True
WEAVER,1,False
WICHT,8,True
WILLIAM,68,True
WILLIAMS,6,False
WINDSER,1,False
WINDSOR,4,True
WISHT,1,False
WORCESTER,5,True
WRIGHT,1,False
YARD,1,False
YREDE,1,False
